"artist","firstName","gender","itemInSession","lastName","length","level","location","sessionId","song","userId"
"Des'ree","Kaylee","F","1","Summers","246.30812","free","Phoenix-Mesa-Scottsdale, AZ","139","You Gotta Be","8"
"Mr Oizo","Kaylee","F","3","Summers","144.03873","free","Phoenix-Mesa-Scottsdale, AZ","139","Flat 55","8"
"Tamba Trio","Kaylee","F","4","Summers","177.18812","free","Phoenix-Mesa-Scottsdale, AZ","139","Quem Quiser Encontrar O Amor","8"
"The Mars Volta","Kaylee","F","5","Summers","380.42077","free","Phoenix-Mesa-Scottsdale, AZ","139","Eriatarka","8"
"Infected Mushroom","Kaylee","F","6","Summers","440.2673","free","Phoenix-Mesa-Scottsdale, AZ","139","Becoming Insane","8"
"Blue October / Imogen Heap","Kaylee","F","7","Summers","241.3971","free","Phoenix-Mesa-Scottsdale, AZ","139","Congratulations","8"
"Girl Talk","Kaylee","F","8","Summers","160.15628","free","Phoenix-Mesa-Scottsdale, AZ","139","Once again","8"
"Black Eyed Peas","Sylvie","F","0","Cruz","214.93506","free","Washington-Arlington-Alexandria, DC-VA-MD-WV","9","Pump It","10"
"Fall Out Boy","Ryan","M","1","Smith","200.72444","free","San Jose-Sunnyvale-Santa Clara, CA","169","Nobody Puts Baby In The Corner","26"
"M.I.A.","Ryan","M","2","Smith","233.7171","free","San Jose-Sunnyvale-Santa Clara, CA","169","Mango Pickle Down River (With The Wilcannia Mob)","26"
"Survivor","Jayden","M","0","Fox","245.36771","free","New Orleans-Metairie, LA","100","Eye Of The Tiger","101"
